{
  "norm_stats": {
    "state": {
      "mean": [
        -0.04781043529510498,
        0.03411411494016647,
        0.7424773573875427,
        2.99300479888916,
        -0.015117867849767208,
        -0.11564133316278458,
        0.026042506098747253,
        -0.026282956823706627
      ],
      "std": [
        0.10333740711212158,
        0.15580551326274872,
        0.42687711119651794,
        0.3593377470970154,
        0.5775201320648193,
        0.31146982312202454,
        0.014593672007322311,
        0.014519634656608105
      ],
      "q01": [
        -0.20152126252651215,
        -0.14994008839130402,
        0.9191157221794128,
        1.226399302482605,
        -0.9577640891075134,
        -1.245310664176941,
        0.0019413273548707366,
        -0.0408683717250824
      ],
      "q99": [
        0.08980133384466171,
        0.09122297912836075,
        1.2427564859390259,
        3.22751522064209,
        1.8490087985992432,
        0.5895755887031555,
        0.04048122093081474,
        -0.0020191615913063288
      ]
    },
    "actions": {
      "mean": [
        0.08534656465053558,
        0.10144058614969254,
        -0.1128951907157898,
        -0.001762084080837667,
        0.0070528252981603146,
        -0.0034088727552443743,
        -0.040117714554071426
      ],
      "std": [
        0.3645062744617462,
        0.38733017444610596,
        0.4820061922073364,
        0.04096738621592522,
        0.06831607967615128,
        0.07233741134405136,
        0.9991949796676636
      ],
      "q01": [
        -0.8892857432365417,
        -0.5946428775787354,
        -0.9375,
        -0.167142853140831,
        -0.20572499930858612,
        -0.13072499632835388,
        -1.0
      ],
      "q99": [
        0.9375,
        0.9375,
        0.9375,
        0.1039285734295845,
        0.24321427941322327,
        0.32357141375541687,
        1.0
      ]
    }
  },
  "metadata": {
    "data_dir": "/ocean/projects/cis260130p/soduh/libero",
    "subsets": [
      "libero_goal",
      "libero_object",
      "libero_spatial"
    ],
    "num_demos": 1500,
    "num_steps": 200485,
    "state_dim": 8,
    "action_dim": 7,
    "state_labels": [
      "ee_x",
      "ee_y",
      "ee_z",
      "ori_r",
      "ori_p",
      "ori_y",
      "grip_0",
      "grip_1"
    ],
    "action_labels": [
      "dx",
      "dy",
      "dz",
      "dr",
      "dp",
      "dyaw",
      "gripper"
    ]
  }
}