{
  "norm_stats": {
    "state": {
      "mean": [
        -0.04962707683444023,
        0.017133334651589394,
        0.7211891412734985,
        2.92497181892395,
        -0.32205596566200256,
        -0.198457270860672,
        0.028653571382164955,
        -0.02894994616508484
      ],
      "std": [
        0.10140777379274368,
        0.14915525913238525,
        0.3809410035610199,
        0.3945103585720062,
        1.063077688217163,
        0.34680816531181335,
        0.012805365025997162,
        0.012700838036835194
      ],
      "q01": [
        -0.23312601447105408,
        -0.0924040675163269,
        0.9163375496864319,
        1.6460058689117432,
        -2.502171754837036,
        -1.0945370197296143,
        0.00189670966938138,
        -0.0400991253554821
      ],
      "q99": [
        0.09241543710231781,
        0.21358154714107513,
        1.1848406791687012,
        3.1840686798095703,
        3.047900915145874,
        0.8673210144042969,
        0.04054652154445648,
        -0.0014549031620845199
      ]
    },
    "actions": {
      "mean": [
        0.03759929910302162,
        0.07163950800895691,
        -0.0752333328127861,
        0.002260132459923625,
        0.008794987574219704,
        -0.002159045310690999,
        -0.10351216793060303
      ],
      "std": [
        0.3091820180416107,
        0.3795678913593292,
        0.4173440635204315,
        0.04094322770833969,
        0.06058414280414581,
        0.08361345529556274,
        0.9946281909942627
      ],
      "q01": [
        -0.4714553654193878,
        -0.7339285612106323,
        -0.7848482131958008,
        -0.07286785542964935,
        -0.17145000398159027,
        -0.29571428894996643,
        -1.0
      ],
      "q99": [
        0.7205356955528259,
        0.7794643044471741,
        0.8250267505645752,
        0.1842857152223587,
        0.1650107204914093,
        0.375,
        1.0
      ]
    }
  },
  "metadata": {
    "data_dir": "./datasets/metas",
    "subsets": [
      "libero_10",
      "libero_goal",
      "libero_object"
    ],
    "num_demos": 1500,
    "num_steps": 276325,
    "state_dim": 8,
    "action_dim": 7,
    "state_labels": [
      "ee_x",
      "ee_y",
      "ee_z",
      "ori_r",
      "ori_p",
      "ori_y",
      "grip_0",
      "grip_1"
    ],
    "action_labels": [
      "dx",
      "dy",
      "dz",
      "dr",
      "dp",
      "dyaw",
      "gripper"
    ]
  }
}